{
    "providers": [
        {
            "type": "bitmap",
            "file": "tower_defense:font/icons.png",
            "ascent": 10,
            "height": 16,
            "chars": [
                "\uE001\uE002\uE003\uE004\uE005\uE006\uE007\uE008",
                "\uE009\uE010\uE011\uE012\uE013\uE014\uE015\uE016",
                "\uE017\uE018\uE019\uE01A\uE01B\uE01C\uE01D\uE01E",
                "\uE01F\uE020\uE021\uE022\uE023\uE024\uE025\uE026",
                "\uE027\uE028\uE029\uE02A\uE02B\uE02C\uE02D\uE02E",
                "\uE02F\uE030\uE031\uE032\uE033\uE034\uE035\uE036",
                "\uE037\uE038\uE039\uE03A\uE03B\uE03C\uE03D\uE03E"
            ]
        },
        {
            "type": "space",
            "advances": {
                "\uEFFF": -1,
                "\uE000": 1
            }
        }   
    ]
}