{
	"credit": "Made with Blockbench",
	"texture_size": [64, 64],
	"textures": {
		"0": "tower_defense:block/towers/arrow_dispenser_active",
		"particle": "tower_defense:block/towers/arrow_dispenser_active"
	},
	"elements": [
		{
			"name": "fence",
			"from": [6, 0, 6],
			"to": [10, 10, 10],
			"rotation": {"angle": 0, "axis": "y", "origin": [7, 0, 9]},
			"faces": {
				"north": {"uv": [4.5, 5, 3.5, 7.5], "texture": "#0"},
				"east": {"uv": [6, 2.5, 5, 5], "texture": "#0"},
				"south": {"uv": [3.5, 5, 2.5, 7.5], "texture": "#0"},
				"west": {"uv": [5.5, 5, 4.5, 7.5], "texture": "#0"},
				"up": {"uv": [7, 4, 6, 5], "texture": "#0"},
				"down": {"uv": [2, 8.5, 1, 7.5], "texture": "#0"}
			}
		},
		{
			"name": "dispenser",
			"from": [3, 10, 3],
			"to": [13, 20, 13],
			"rotation": {"angle": 0, "axis": "y", "origin": [7, 10, 9]},
			"faces": {
				"north": {"uv": [5, 0, 2.5, 2.5], "texture": "#0"},
				"east": {"uv": [2.5, 2.5, 0, 5], "texture": "#0"},
				"south": {"uv": [2.5, 0, 0, 2.5], "texture": "#0"},
				"west": {"uv": [5, 2.5, 2.5, 5], "texture": "#0"},
				"up": {"uv": [2.5, 5, 0, 7.5], "texture": "#0"},
				"down": {"uv": [7.5, 2.5, 5, 0], "texture": "#0"}
			}
		},
		{
			"from": [1, 11.5, 6],
			"to": [3, 17.5, 10],
			"rotation": {"angle": 0, "axis": "y", "origin": [1, 11.5, 9]},
			"faces": {
				"north": {"uv": [3.5, 7.5, 3, 9], "texture": "#0"},
				"east": {"uv": [1, 7.5, 0, 9], "texture": "#0"},
				"south": {"uv": [8, 2.5, 7.5, 4], "texture": "#0"},
				"west": {"uv": [8.5, 0, 7.5, 1.5], "texture": "#0"},
				"up": {"uv": [5.25, 7.5, 4.75, 8.5], "texture": "#0"},
				"down": {"uv": [8.25, 6.5, 7.75, 5.5], "texture": "#0"}
			}
		},
		{
			"from": [-3, 13.5, 7],
			"to": [2, 15.5, 9],
			"rotation": {"angle": -45, "axis": "z", "origin": [1.5, 14.5, 8]},
			"faces": {
				"north": {"uv": [9, 4, 7.75, 4.5], "texture": "#0"},
				"east": {"uv": [4, 8, 3.5, 8.5], "texture": "#0"},
				"south": {"uv": [4.75, 7.5, 3.5, 8], "texture": "#0"},
				"west": {"uv": [4.5, 8, 4, 8.5], "texture": "#0"},
				"up": {"uv": [9, 4.5, 7.75, 5], "texture": "#0"},
				"down": {"uv": [9, 5.5, 7.75, 5], "texture": "#0"}
			}
		},
		{
			"from": [-3, 13.5, 7],
			"to": [2, 15.5, 9],
			"rotation": {"angle": 0, "axis": "y", "origin": [1.5, 14.5, 8]},
			"faces": {
				"north": {"uv": [13.25, 2.5, 12, 3], "texture": "#0"},
				"east": {"uv": [13.25, 4.5, 12.75, 5], "texture": "#0"},
				"south": {"uv": [13.25, 4, 12, 4.5], "texture": "#0"},
				"west": {"uv": [13.25, 4.5, 12.75, 5], "texture": "#0"},
				"up": {"uv": [13.25, 3, 12, 3.5], "texture": "#0"},
				"down": {"uv": [13.25, 4, 12, 3.5], "texture": "#0"}
			}
		},
		{
			"from": [-3, 13.5, 7],
			"to": [2, 15.5, 9],
			"rotation": {"angle": 45, "axis": "z", "origin": [1.5, 14.5, 8]},
			"faces": {
				"north": {"uv": [13.25, 7.5, 12, 8], "texture": "#0"},
				"east": {"uv": [13.25, 9.5, 12.75, 10], "texture": "#0"},
				"south": {"uv": [13.25, 9, 12, 9.5], "texture": "#0"},
				"west": {"uv": [13.25, 7, 12.75, 7.5], "texture": "#0"},
				"up": {"uv": [13.25, 8, 12, 8.5], "texture": "#0"},
				"down": {"uv": [13.25, 9, 12, 8.5], "texture": "#0"}
			}
		},
		{
			"from": [5, 23, 5],
			"to": [11, 24, 11],
			"rotation": {"angle": -22.5, "axis": "z", "origin": [8, 22.25, 8]},
			"faces": {
				"north": {"uv": [9.5, 3.5, 8, 3.75], "texture": "#0"},
				"east": {"uv": [9.5, 3.25, 8, 3.5], "texture": "#0"},
				"south": {"uv": [9.5, 3, 8, 3.25], "texture": "#0"},
				"west": {"uv": [9.5, 3.75, 8, 4], "texture": "#0"},
				"up": {"uv": [7, 5, 5.5, 6.5], "texture": "#0"},
				"down": {"uv": [7.5, 4, 6, 2.5], "texture": "#0"}
			}
		},
		{
			"from": [5, 24, 10],
			"to": [11, 25, 11],
			"rotation": {"angle": -22.5, "axis": "z", "origin": [8, 22.25, 8]},
			"faces": {
				"north": {"uv": [9.75, 5.5, 8.25, 5.75], "texture": "#0"},
				"east": {"uv": [5, 8.5, 4.75, 8.75], "texture": "#0"},
				"south": {"uv": [9.25, 8, 7.75, 8.25], "texture": "#0"},
				"west": {"uv": [5.25, 8.5, 5, 8.75], "texture": "#0"},
				"up": {"uv": [9.75, 5.75, 8.25, 6], "texture": "#0"},
				"down": {"uv": [9.75, 6.25, 8.25, 6], "texture": "#0"}
			}
		},
		{
			"from": [5, 24, 5],
			"to": [11, 25, 6],
			"rotation": {"angle": -22.5, "axis": "z", "origin": [8, 22.25, 8]},
			"faces": {
				"north": {"uv": [9.25, 8.25, 7.75, 8.5], "texture": "#0"},
				"east": {"uv": [5.5, 8.5, 5.25, 8.75], "texture": "#0"},
				"south": {"uv": [9.75, 6.25, 8.25, 6.5], "texture": "#0"},
				"west": {"uv": [3.75, 8.75, 3.5, 9], "texture": "#0"},
				"up": {"uv": [10, 0, 8.5, 0.25], "texture": "#0"},
				"down": {"uv": [10, 0.5, 8.5, 0.25], "texture": "#0"}
			}
		},
		{
			"from": [5, 24, 6],
			"to": [6, 25, 10],
			"rotation": {"angle": -22.5, "axis": "z", "origin": [8, 22.25, 8]},
			"faces": {
				"north": {"uv": [4.25, 8.75, 4, 9], "texture": "#0"},
				"east": {"uv": [9.5, 2, 8.5, 2.25], "texture": "#0"},
				"south": {"uv": [4, 8.75, 3.75, 9], "texture": "#0"},
				"west": {"uv": [9.5, 2.25, 8.5, 2.5], "texture": "#0"},
				"up": {"uv": [5.5, 7.5, 5.25, 8.5], "texture": "#0"},
				"down": {"uv": [4.75, 9, 4.5, 8], "texture": "#0"}
			}
		},
		{
			"from": [10, 24, 6],
			"to": [11, 25, 10],
			"rotation": {"angle": -22.5, "axis": "z", "origin": [8, 22.25, 8]},
			"faces": {
				"north": {"uv": [5, 8.75, 4.75, 9], "texture": "#0"},
				"east": {"uv": [4.5, 8.5, 3.5, 8.75], "texture": "#0"},
				"south": {"uv": [4.5, 8.75, 4.25, 9], "texture": "#0"},
				"west": {"uv": [8.75, 8.5, 7.75, 8.75], "texture": "#0"},
				"up": {"uv": [2.75, 8.5, 2.5, 9.5], "texture": "#0"},
				"down": {"uv": [3, 9.5, 2.75, 8.5], "texture": "#0"}
			}
		},
		{
			"from": [6, 21, 6],
			"to": [10, 23, 10],
			"rotation": {"angle": -22.5, "axis": "z", "origin": [8, 22.25, 8]},
			"faces": {
				"north": {"uv": [8.75, 7.5, 7.75, 8], "texture": "#0"},
				"east": {"uv": [8.75, 7, 7.75, 7.5], "texture": "#0"},
				"south": {"uv": [8.75, 6.5, 7.75, 7], "texture": "#0"},
				"west": {"uv": [9, 2.5, 8, 3], "texture": "#0"},
				"up": {"uv": [8.5, 1.5, 7.5, 2.5], "texture": "#0"},
				"down": {"uv": [3, 8.5, 2, 7.5], "texture": "#0"}
			}
		},
		{
			"from": [7, 19, 7],
			"to": [9, 21, 9],
			"rotation": {"angle": -22.5, "axis": "z", "origin": [8, 22.25, 8]},
			"faces": {
				"north": {"uv": [9, 1, 8.5, 1.5], "texture": "#0"},
				"east": {"uv": [1.5, 8.5, 1, 9], "texture": "#0"},
				"south": {"uv": [9, 0.5, 8.5, 1], "texture": "#0"},
				"west": {"uv": [2, 8.5, 1.5, 9], "texture": "#0"},
				"up": {"uv": [9, 1.5, 8.5, 2], "texture": "#0"},
				"down": {"uv": [2.5, 9, 2, 8.5], "texture": "#0"}
			}
		},
		{
			"from": [9.3, 21.3, 8],
			"to": [12.3, 31.3, 8],
			"rotation": {"angle": -45, "axis": "z", "origin": [10.8, 26.3, 8]},
			"faces": {
				"north": {"uv": [7, 6.5, 6.25, 9], "texture": "#0"},
				"east": {"uv": [0, 0, 0, 2.5], "texture": "#0"},
				"south": {"uv": [6.25, 6.5, 5.5, 9], "texture": "#0"},
				"west": {"uv": [0, 0, 0, 2.5], "texture": "#0"},
				"up": {"uv": [0.75, 0, 0, 0], "texture": "#0"},
				"down": {"uv": [0.75, 0, 0, 0], "texture": "#0"}
			}
		},
		{
			"from": [10.8, 21.3, 6.5],
			"to": [10.8, 31.3, 9.5],
			"rotation": {"angle": -45, "axis": "z", "origin": [10.8, 26.3, 8]},
			"faces": {
				"north": {"uv": [0, 0, 0, 2.5], "texture": "#0"},
				"east": {"uv": [7.75, 4, 7, 6.5], "texture": "#0"},
				"south": {"uv": [0, 0, 0, 2.5], "texture": "#0"},
				"west": {"uv": [7.75, 6.5, 7, 9], "texture": "#0"},
				"up": {"uv": [0, 0, 0, 0.75], "texture": "#0"},
				"down": {"uv": [0, 0.75, 0, 0], "texture": "#0"}
			}
		}
	],
	"display": {
		"thirdperson_righthand": {
			"scale": [0.5, 0.5, 0.5]
		},
		"thirdperson_lefthand": {
			"scale": [0.5, 0.5, 0.5]
		},
		"firstperson_righthand": {
			"scale": [0.5, 0.5, 0.5]
		},
		"firstperson_lefthand": {
			"scale": [0.5, 0.5, 0.5]
		},
		"ground": {
			"scale": [0.5, 0.5, 0.5]
		},
		"gui": {
			"rotation": [45, 135, 0],
			"translation": [0, -2.5, 0],
			"scale": [0.5, 0.5, 0.5]
		},
		"head": {
			"translation": [0, -17.5, 0],
			"scale": [2, 2, 2]
		},
		"fixed": {
			"translation": [0, -6.5, 0]
		}
	},
	"groups": [
		0,
		1,
		{
			"name": "lever",
			"origin": [1.5, 14.5, 8],
			"color": 0,
			"children": [2, 3, 4, 5]
		},
		{
			"name": "hopper",
			"origin": [7, 20, 7],
			"color": 0,
			"children": [6, 7, 8, 9, 10, 11, 12]
		},
		{
			"name": "arrow",
			"origin": [2.5, 30, 17.5],
			"color": 0,
			"children": [13, 14]
		}
	]
}