{
	"credit": "Made with Blockbench",
	"texture_size": [64, 64],
	"textures": {
		"0": "tower_defense:block/towers/dripstone_stabber",
		"particle": "tower_defense:block/towers/dripstone_stabber"
	},
	"elements": [
		{
			"name": "piston",
			"from": [3, 0, 8],
			"to": [13, 10, 16],
			"rotation": {"angle": 0, "axis": "y", "origin": [7, 0, 14]},
			"faces": {
				"north": {"uv": [0, 0, 2.5, 2.5], "texture": "#0"},
				"east": {"uv": [5, 5, 7, 7.5], "texture": "#0"},
				"south": {"uv": [0, 2.5, 2.5, 5], "texture": "#0"},
				"west": {"uv": [7, 5, 9, 7.5], "texture": "#0"},
				"up": {"uv": [2.5, 9.5, 0, 7.5], "texture": "#0"},
				"down": {"uv": [10, 0, 7.5, 2], "texture": "#0"}
			}
		},
		{
			"from": [7, 4, 7.999],
			"to": [9, 6, 15.999],
			"rotation": {"angle": 0, "axis": "y", "origin": [7, 4, 9]},
			"faces": {
				"north": {"uv": [7.5, 9, 8, 9.5], "texture": "#0"},
				"east": {"uv": [5, 9, 7, 9.5], "texture": "#0"},
				"south": {"uv": [9, 7.5, 9.5, 8], "texture": "#0"},
				"west": {"uv": [9, 5, 11, 5.5], "texture": "#0"},
				"up": {"uv": [9.5, 7.5, 9, 5.5], "texture": "#0"},
				"down": {"uv": [7.5, 9, 7, 11], "texture": "#0"}
			}
		},
		{
			"from": [3, 0, 6],
			"to": [13, 10, 8],
			"rotation": {"angle": 0, "axis": "y", "origin": [11, 0, 6]},
			"faces": {
				"north": {"uv": [2.5, 0, 5, 2.5], "texture": "#0"},
				"east": {"uv": [8.5, 7.5, 9, 10], "texture": "#0"},
				"south": {"uv": [2.5, 2.5, 5, 5], "texture": "#0"},
				"west": {"uv": [9, 2, 9.5, 4.5], "texture": "#0"},
				"up": {"uv": [5, 9.5, 2.5, 9], "texture": "#0"},
				"down": {"uv": [11.5, 4.5, 9, 5], "texture": "#0"}
			}
		},
		{
			"name": "observer",
			"from": [5, 10, 9],
			"to": [11, 16, 15],
			"rotation": {"angle": 0, "axis": "y", "origin": [7, 10, 11]},
			"faces": {
				"north": {"uv": [7.5, 2, 9, 3.5], "texture": "#0"},
				"east": {"uv": [2.5, 7.5, 4, 9], "texture": "#0"},
				"south": {"uv": [7.5, 3.5, 9, 5], "texture": "#0"},
				"west": {"uv": [4, 7.5, 5.5, 9], "texture": "#0"},
				"up": {"uv": [7, 9, 5.5, 7.5], "texture": "#0"},
				"down": {"uv": [8.5, 7.5, 7, 9], "texture": "#0"}
			}
		},
		{
			"from": [8, 0, -4],
			"to": [8, 10, 6],
			"rotation": {"angle": 0, "axis": "y", "origin": [7, 0, 4]},
			"faces": {
				"north": {"uv": [0, 0, 0, 2.5], "texture": "#0"},
				"east": {"uv": [0, 5, 2.5, 7.5], "texture": "#0"},
				"south": {"uv": [0, 0, 0, 2.5], "texture": "#0"},
				"west": {"uv": [5, 0, 7.5, 2.5], "texture": "#0"},
				"up": {"uv": [0, 2.5, 0, 0], "texture": "#0"},
				"down": {"uv": [0, 0, 0, 2.5], "texture": "#0"}
			}
		},
		{
			"from": [3, 5, -4],
			"to": [13, 5, 6],
			"rotation": {"angle": 0, "axis": "y", "origin": [7, 0, 4]},
			"faces": {
				"north": {"uv": [0, 0, 2.5, 0], "texture": "#0"},
				"east": {"uv": [0, 0, 2.5, 0], "texture": "#0"},
				"south": {"uv": [0, 0, 2.5, 0], "texture": "#0"},
				"west": {"uv": [0, 0, 2.5, 0], "texture": "#0"},
				"up": {"uv": [5, 7.5, 2.5, 5], "texture": "#0"},
				"down": {"uv": [7.5, 2.5, 5, 5], "texture": "#0"}
			}
		}
	],
	"display": {
		"thirdperson_righthand": {
			"scale": [0.5, 0.5, 0.5]
		},
		"thirdperson_lefthand": {
			"scale": [0.5, 0.5, 0.5]
		},
		"firstperson_righthand": {
			"scale": [0.5, 0.5, 0.5]
		},
		"firstperson_lefthand": {
			"scale": [0.5, 0.5, 0.5]
		},
		"ground": {
			"scale": [0.5, 0.5, 0.5]
		},
		"gui": {
			"rotation": [45, 135, 0],
			"scale": [0.8, 0.8, 0.8]
		},
		"head": {
			"translation": [0, -17.5, 0],
			"scale": [2, 2, 2]
		},
		"fixed": {
			"translation": [0, 0, -3.75]
		}
	},
	"groups": [
		0,
		{
			"name": "piston_head",
			"origin": [11, 0, -2],
			"color": 0,
			"nbt": "{}",
			"children": [1, 2]
		},
		3,
		{
			"name": "dripstone",
			"origin": [7, 0, 4],
			"color": 0,
			"nbt": "{}",
			"children": [4, 5]
		}
	]
}