{
	"credit": "Made with Blockbench",
	"texture_size": [64, 64],
	"textures": {
		"1": "tower_defense:block/towers/dripstone_stabber_active"
	},
	"elements": [
		{
			"name": "piston",
			"from": [3, 0, 8],
			"to": [13, 10, 16],
			"rotation": {"angle": 0, "axis": "y", "origin": [7, 0, 14]},
			"faces": {
				"north": {"uv": [0, 0, 2.5, 2.5], "texture": "#1"},
				"east": {"uv": [5, 5, 7, 7.5], "texture": "#1"},
				"south": {"uv": [0, 2.5, 2.5, 5], "texture": "#1"},
				"west": {"uv": [7, 5, 9, 7.5], "texture": "#1"},
				"up": {"uv": [2.5, 9.5, 0, 7.5], "texture": "#1"},
				"down": {"uv": [10, 0, 7.5, 2], "texture": "#1"}
			}
		},
		{
			"from": [7, 4, 0],
			"to": [9, 6, 8],
			"rotation": {"angle": 0, "axis": "y", "origin": [7, 4, 1]},
			"faces": {
				"north": {"uv": [7.5, 9, 8, 9.5], "texture": "#1"},
				"east": {"uv": [5, 9, 7, 9.5], "texture": "#1"},
				"south": {"uv": [9, 7.5, 9.5, 8], "texture": "#1"},
				"west": {"uv": [9, 5, 11, 5.5], "texture": "#1"},
				"up": {"uv": [9.5, 7.5, 9, 5.5], "texture": "#1"},
				"down": {"uv": [7.5, 9, 7, 11], "texture": "#1"}
			}
		},
		{
			"from": [7, 4, 5],
			"to": [9, 6, 13],
			"rotation": {"angle": 0, "axis": "y", "origin": [7, 4, 1]},
			"faces": {
				"north": {"uv": [14.5, 14.5, 15, 15], "texture": "#1"},
				"east": {"uv": [14, 13, 16, 13.5], "texture": "#1"},
				"south": {"uv": [14.5, 14, 15, 14.5], "texture": "#1"},
				"west": {"uv": [14, 13.5, 16, 14], "texture": "#1"},
				"up": {"uv": [15.5, 16, 15, 14], "texture": "#1"},
				"down": {"uv": [16, 14, 15.5, 16], "texture": "#1"}
			}
		},
		{
			"from": [3, 0, -2],
			"to": [13, 10, 0],
			"rotation": {"angle": 0, "axis": "y", "origin": [11, 0, -2]},
			"faces": {
				"north": {"uv": [2.5, 0, 5, 2.5], "texture": "#1"},
				"east": {"uv": [8.5, 7.5, 9, 10], "texture": "#1"},
				"south": {"uv": [2.5, 2.5, 5, 5], "texture": "#1"},
				"west": {"uv": [9, 2, 9.5, 4.5], "texture": "#1"},
				"up": {"uv": [5, 9.5, 2.5, 9], "texture": "#1"},
				"down": {"uv": [11.5, 4.5, 9, 5], "texture": "#1"}
			}
		},
		{
			"from": [3, 0, 3],
			"to": [13, 10, 5],
			"rotation": {"angle": 0, "axis": "y", "origin": [11, 0, -2]},
			"faces": {
				"north": {"uv": [2.5, 13.5, 5, 16], "texture": "#1"},
				"east": {"uv": [5, 13.5, 5.5, 16], "texture": "#1"},
				"south": {"uv": [0, 13.5, 2.5, 16], "texture": "#1"},
				"west": {"uv": [5.5, 13.5, 6, 16], "texture": "#1"},
				"up": {"uv": [2.5, 13.5, 0, 13], "texture": "#1"},
				"down": {"uv": [5, 13, 2.5, 13.5], "texture": "#1"}
			}
		},
		{
			"name": "observer",
			"from": [5, 10, 9],
			"to": [11, 16, 15],
			"rotation": {"angle": 0, "axis": "y", "origin": [7, 10, 11]},
			"faces": {
				"north": {"uv": [7.5, 2, 9, 3.5], "texture": "#1"},
				"east": {"uv": [2.5, 7.5, 4, 9], "texture": "#1"},
				"south": {"uv": [7.5, 3.5, 9, 5], "texture": "#1"},
				"west": {"uv": [4, 7.5, 5.5, 9], "texture": "#1"},
				"up": {"uv": [7, 9, 5.5, 7.5], "texture": "#1"},
				"down": {"uv": [8.5, 7.5, 7, 9], "texture": "#1"}
			}
		},
		{
			"from": [8, 0, -12],
			"to": [8, 10, -2],
			"rotation": {"angle": 0, "axis": "y", "origin": [7, 0, -4]},
			"faces": {
				"north": {"uv": [0, 0, 0, 2.5], "texture": "#1"},
				"east": {"uv": [0, 5, 2.5, 7.5], "texture": "#1"},
				"south": {"uv": [0, 0, 0, 2.5], "texture": "#1"},
				"west": {"uv": [5, 0, 7.5, 2.5], "texture": "#1"},
				"up": {"uv": [0, 2.5, 0, 0], "texture": "#1"},
				"down": {"uv": [0, 0, 0, 2.5], "texture": "#1"}
			}
		},
		{
			"from": [8, 0, -7],
			"to": [8, 10, 3],
			"rotation": {"angle": 0, "axis": "y", "origin": [7, 0, -4]},
			"faces": {
				"north": {"uv": [0, 0, 0, 2.5], "texture": "#1"},
				"east": {"uv": [13.5, 7.5, 16, 10], "texture": "#1"},
				"south": {"uv": [0, 0, 0, 2.5], "texture": "#1"},
				"west": {"uv": [13.5, 5, 16, 7.5], "texture": "#1"},
				"up": {"uv": [0, 2.5, 0, 0], "texture": "#1"},
				"down": {"uv": [0, 0, 0, 2.5], "texture": "#1"}
			}
		},
		{
			"from": [3, 5, -12],
			"to": [13, 5, -2],
			"rotation": {"angle": 0, "axis": "y", "origin": [7, 0, -4]},
			"faces": {
				"north": {"uv": [0, 0, 2.5, 0], "texture": "#1"},
				"east": {"uv": [0, 0, 2.5, 0], "texture": "#1"},
				"south": {"uv": [0, 0, 2.5, 0], "texture": "#1"},
				"west": {"uv": [0, 0, 2.5, 0], "texture": "#1"},
				"up": {"uv": [5, 7.5, 2.5, 5], "texture": "#1"},
				"down": {"uv": [7.5, 2.5, 5, 5], "texture": "#1"}
			}
		},
		{
			"from": [3, 5, -7],
			"to": [13, 5, 3],
			"rotation": {"angle": 0, "axis": "y", "origin": [7, 0, -4]},
			"faces": {
				"north": {"uv": [0, 0, 2.5, 0], "texture": "#1"},
				"east": {"uv": [0, 0, 2.5, 0], "texture": "#1"},
				"south": {"uv": [0, 0, 2.5, 0], "texture": "#1"},
				"west": {"uv": [0, 0, 2.5, 0], "texture": "#1"},
				"up": {"uv": [16, 2.5, 13.5, 0], "texture": "#1"},
				"down": {"uv": [16, 2.5, 13.5, 5], "texture": "#1"}
			}
		}
	],
	"display": {
		"thirdperson_righthand": {
			"scale": [0.5, 0.5, 0.5]
		},
		"thirdperson_lefthand": {
			"scale": [0.5, 0.5, 0.5]
		},
		"firstperson_righthand": {
			"scale": [0.5, 0.5, 0.5]
		},
		"firstperson_lefthand": {
			"scale": [0.5, 0.5, 0.5]
		},
		"ground": {
			"scale": [0.5, 0.5, 0.5]
		},
		"gui": {
			"rotation": [45, 135, 0],
			"scale": [0.8, 0.8, 0.8]
		},
		"head": {
			"translation": [0, -17.5, 0],
			"scale": [2, 2, 2]
		},
		"fixed": {
			"translation": [0, 0, -3.75]
		}
	},
	"groups": [
		0,
		{
			"name": "piston_head",
			"origin": [11, 0, -2],
			"color": 0,
			"nbt": "{}",
			"children": [1, 2, 3, 4]
		},
		5,
		{
			"name": "dripstone",
			"origin": [7, 0, 4],
			"color": 0,
			"nbt": "{}",
			"children": [6, 7, 8, 9]
		}
	]
}