{
	"credit": "Made with Blockbench",
	"texture_size": [64, 64],
	"textures": {
		"0": "tower_defense:block/decorative/castle",
		"particle": "tower_defense:block/decorative/castle"
	},
	"elements": [
		{
			"from": [-1, 0, 2],
			"to": [17, 10, 14],
			"rotation": {"angle": 0, "axis": "y", "origin": [4, 0, 4]},
			"faces": {
				"north": {"uv": [4.5, 0, 9, 2.5], "texture": "#0"},
				"east": {"uv": [4.5, 5, 7.5, 7.5], "texture": "#0"},
				"south": {"uv": [4.5, 2.5, 9, 5], "texture": "#0"},
				"west": {"uv": [0, 6, 3, 8.5], "texture": "#0"},
				"up": {"uv": [4.5, 3, 0, 0], "texture": "#0"},
				"down": {"uv": [4.5, 3, 0, 6], "texture": "#0"}
			}
		},
		{
			"from": [-4, 14, -1],
			"to": [-3, 15, 3],
			"rotation": {"angle": 0, "axis": "y", "origin": [-7, 1, -1]},
			"faces": {
				"north": {"uv": [13.75, 6.25, 14, 6.5], "texture": "#0"},
				"east": {"uv": [7.25, 12.5, 8.25, 12.75], "texture": "#0"},
				"south": {"uv": [13.75, 6.5, 14, 6.75], "texture": "#0"},
				"west": {"uv": [8.25, 12.5, 9.25, 12.75], "texture": "#0"},
				"up": {"uv": [9.5, 13.5, 9.25, 12.5], "texture": "#0"},
				"down": {"uv": [9.75, 12.5, 9.5, 13.5], "texture": "#0"}
			}
		},
		{
			"from": [-4, 15, 2],
			"to": [-3, 16, 3],
			"rotation": {"angle": 0, "axis": "y", "origin": [-5, 15, 2]},
			"faces": {
				"north": {"uv": [13.75, 3.25, 14, 3.5], "texture": "#0"},
				"east": {"uv": [3.5, 13.75, 3.75, 14], "texture": "#0"},
				"south": {"uv": [3.75, 13.75, 4, 14], "texture": "#0"},
				"west": {"uv": [4, 13.75, 4.25, 14], "texture": "#0"},
				"up": {"uv": [14, 4.25, 13.75, 4], "texture": "#0"},
				"down": {"uv": [4.75, 13.75, 4.5, 14], "texture": "#0"}
			}
		},
		{
			"from": [-1, 15, 2],
			"to": [0, 16, 3],
			"rotation": {"angle": 0, "axis": "y", "origin": [-2, 15, 2]},
			"faces": {
				"north": {"uv": [5, 13.75, 5.25, 14], "texture": "#0"},
				"east": {"uv": [5.25, 13.75, 5.5, 14], "texture": "#0"},
				"south": {"uv": [5.5, 13.75, 5.75, 14], "texture": "#0"},
				"west": {"uv": [13.75, 5.5, 14, 5.75], "texture": "#0"},
				"up": {"uv": [6, 14, 5.75, 13.75], "texture": "#0"},
				"down": {"uv": [14, 5.75, 13.75, 6], "texture": "#0"}
			}
		},
		{
			"from": [-3, 14, 2],
			"to": [-1, 15, 3],
			"rotation": {"angle": 0, "axis": "y", "origin": [-6, 1, -1]},
			"faces": {
				"north": {"uv": [13.5, 2, 14, 2.25], "texture": "#0"},
				"east": {"uv": [6.75, 13.75, 7, 14], "texture": "#0"},
				"south": {"uv": [3.75, 13.5, 4.25, 13.75], "texture": "#0"},
				"west": {"uv": [7.25, 13.75, 7.5, 14], "texture": "#0"},
				"up": {"uv": [14, 4.5, 13.5, 4.25], "texture": "#0"},
				"down": {"uv": [14, 4.5, 13.5, 4.75], "texture": "#0"}
			}
		},
		{
			"from": [-1, 14, -1],
			"to": [0, 15, 3],
			"rotation": {"angle": 0, "axis": "y", "origin": [-4, 1, -1]},
			"faces": {
				"north": {"uv": [6, 13.75, 6.25, 14], "texture": "#0"},
				"east": {"uv": [4.5, 12.5, 5.5, 12.75], "texture": "#0"},
				"south": {"uv": [6.25, 13.75, 6.5, 14], "texture": "#0"},
				"west": {"uv": [5.5, 12.5, 6.5, 12.75], "texture": "#0"},
				"up": {"uv": [12.75, 7, 12.5, 6], "texture": "#0"},
				"down": {"uv": [7.25, 12.5, 7, 13.5], "texture": "#0"}
			}
		},
		{
			"from": [-1, 15, -1],
			"to": [0, 16, 0],
			"rotation": {"angle": 0, "axis": "y", "origin": [-2, 15, -1]},
			"faces": {
				"north": {"uv": [1.5, 13.75, 1.75, 14], "texture": "#0"},
				"east": {"uv": [13.75, 1.5, 14, 1.75], "texture": "#0"},
				"south": {"uv": [1.75, 13.75, 2, 14], "texture": "#0"},
				"west": {"uv": [2.25, 13.75, 2.5, 14], "texture": "#0"},
				"up": {"uv": [14, 2.5, 13.75, 2.25], "texture": "#0"},
				"down": {"uv": [2.75, 13.75, 2.5, 14], "texture": "#0"}
			}
		},
		{
			"from": [-4, 15, -1],
			"to": [-3, 16, 0],
			"rotation": {"angle": 0, "axis": "y", "origin": [-5, 15, -1]},
			"faces": {
				"north": {"uv": [13.75, 2.5, 14, 2.75], "texture": "#0"},
				"east": {"uv": [2.75, 13.75, 3, 14], "texture": "#0"},
				"south": {"uv": [13.75, 2.75, 14, 3], "texture": "#0"},
				"west": {"uv": [3, 13.75, 3.25, 14], "texture": "#0"},
				"up": {"uv": [14, 3.25, 13.75, 3], "texture": "#0"},
				"down": {"uv": [3.5, 13.75, 3.25, 14], "texture": "#0"}
			}
		},
		{
			"from": [-4, 0, -1],
			"to": [0, 14, 3],
			"rotation": {"angle": 0, "axis": "y", "origin": [-4, 0, -1]},
			"faces": {
				"north": {"uv": [3, 6, 4, 9.5], "texture": "#0"},
				"east": {"uv": [4, 7.5, 5, 11], "texture": "#0"},
				"south": {"uv": [5, 7.5, 6, 11], "texture": "#0"},
				"west": {"uv": [7.5, 5, 8.5, 8.5], "texture": "#0"},
				"up": {"uv": [11.5, 7, 10.5, 6], "texture": "#0"},
				"down": {"uv": [12, 2.5, 11, 3.5], "texture": "#0"}
			}
		},
		{
			"from": [-3, 14, -1],
			"to": [-1, 15, 0],
			"rotation": {"angle": 0, "axis": "y", "origin": [-6, 1, -4]},
			"faces": {
				"north": {"uv": [13.5, 4.75, 14, 5], "texture": "#0"},
				"east": {"uv": [7.5, 13.75, 7.75, 14], "texture": "#0"},
				"south": {"uv": [13.5, 5, 14, 5.25], "texture": "#0"},
				"west": {"uv": [7.75, 13.75, 8, 14], "texture": "#0"},
				"up": {"uv": [14, 5.5, 13.5, 5.25], "texture": "#0"},
				"down": {"uv": [6, 13.5, 5.5, 13.75], "texture": "#0"}
			}
		},
		{
			"from": [-4, 14, 13],
			"to": [-3, 15, 17],
			"rotation": {"angle": 0, "axis": "y", "origin": [-7, 1, 13]},
			"faces": {
				"north": {"uv": [13.75, 6.25, 14, 6.5], "texture": "#0"},
				"east": {"uv": [7.25, 12.5, 8.25, 12.75], "texture": "#0"},
				"south": {"uv": [13.75, 6.5, 14, 6.75], "texture": "#0"},
				"west": {"uv": [8.25, 12.5, 9.25, 12.75], "texture": "#0"},
				"up": {"uv": [9.5, 13.5, 9.25, 12.5], "texture": "#0"},
				"down": {"uv": [9.75, 12.5, 9.5, 13.5], "texture": "#0"}
			}
		},
		{
			"from": [-4, 15, 16],
			"to": [-3, 16, 17],
			"rotation": {"angle": 0, "axis": "y", "origin": [-5, 15, 16]},
			"faces": {
				"north": {"uv": [13.75, 3.25, 14, 3.5], "texture": "#0"},
				"east": {"uv": [3.5, 13.75, 3.75, 14], "texture": "#0"},
				"south": {"uv": [3.75, 13.75, 4, 14], "texture": "#0"},
				"west": {"uv": [4, 13.75, 4.25, 14], "texture": "#0"},
				"up": {"uv": [14, 4.25, 13.75, 4], "texture": "#0"},
				"down": {"uv": [4.75, 13.75, 4.5, 14], "texture": "#0"}
			}
		},
		{
			"from": [-1, 15, 16],
			"to": [0, 16, 17],
			"rotation": {"angle": 0, "axis": "y", "origin": [-2, 15, 16]},
			"faces": {
				"north": {"uv": [5, 13.75, 5.25, 14], "texture": "#0"},
				"east": {"uv": [5.25, 13.75, 5.5, 14], "texture": "#0"},
				"south": {"uv": [5.5, 13.75, 5.75, 14], "texture": "#0"},
				"west": {"uv": [13.75, 5.5, 14, 5.75], "texture": "#0"},
				"up": {"uv": [6, 14, 5.75, 13.75], "texture": "#0"},
				"down": {"uv": [14, 5.75, 13.75, 6], "texture": "#0"}
			}
		},
		{
			"from": [-3, 14, 16],
			"to": [-1, 15, 17],
			"rotation": {"angle": 0, "axis": "y", "origin": [-6, 1, 13]},
			"faces": {
				"north": {"uv": [13.5, 2, 14, 2.25], "texture": "#0"},
				"east": {"uv": [6.75, 13.75, 7, 14], "texture": "#0"},
				"south": {"uv": [3.75, 13.5, 4.25, 13.75], "texture": "#0"},
				"west": {"uv": [7.25, 13.75, 7.5, 14], "texture": "#0"},
				"up": {"uv": [14, 4.5, 13.5, 4.25], "texture": "#0"},
				"down": {"uv": [14, 4.5, 13.5, 4.75], "texture": "#0"}
			}
		},
		{
			"from": [-1, 14, 13],
			"to": [0, 15, 17],
			"rotation": {"angle": 0, "axis": "y", "origin": [-4, 1, 13]},
			"faces": {
				"north": {"uv": [6, 13.75, 6.25, 14], "texture": "#0"},
				"east": {"uv": [4.5, 12.5, 5.5, 12.75], "texture": "#0"},
				"south": {"uv": [6.25, 13.75, 6.5, 14], "texture": "#0"},
				"west": {"uv": [5.5, 12.5, 6.5, 12.75], "texture": "#0"},
				"up": {"uv": [12.75, 7, 12.5, 6], "texture": "#0"},
				"down": {"uv": [7.25, 12.5, 7, 13.5], "texture": "#0"}
			}
		},
		{
			"from": [-1, 15, 13],
			"to": [0, 16, 14],
			"rotation": {"angle": 0, "axis": "y", "origin": [-2, 15, 13]},
			"faces": {
				"north": {"uv": [1.5, 13.75, 1.75, 14], "texture": "#0"},
				"east": {"uv": [13.75, 1.5, 14, 1.75], "texture": "#0"},
				"south": {"uv": [1.75, 13.75, 2, 14], "texture": "#0"},
				"west": {"uv": [2.25, 13.75, 2.5, 14], "texture": "#0"},
				"up": {"uv": [14, 2.5, 13.75, 2.25], "texture": "#0"},
				"down": {"uv": [2.75, 13.75, 2.5, 14], "texture": "#0"}
			}
		},
		{
			"from": [-4, 15, 13],
			"to": [-3, 16, 14],
			"rotation": {"angle": 0, "axis": "y", "origin": [-5, 15, 13]},
			"faces": {
				"north": {"uv": [13.75, 2.5, 14, 2.75], "texture": "#0"},
				"east": {"uv": [2.75, 13.75, 3, 14], "texture": "#0"},
				"south": {"uv": [13.75, 2.75, 14, 3], "texture": "#0"},
				"west": {"uv": [3, 13.75, 3.25, 14], "texture": "#0"},
				"up": {"uv": [14, 3.25, 13.75, 3], "texture": "#0"},
				"down": {"uv": [3.5, 13.75, 3.25, 14], "texture": "#0"}
			}
		},
		{
			"from": [-4, 0, 13],
			"to": [0, 14, 17],
			"rotation": {"angle": 0, "axis": "y", "origin": [-4, 0, 13]},
			"faces": {
				"north": {"uv": [3, 6, 4, 9.5], "texture": "#0"},
				"east": {"uv": [4, 7.5, 5, 11], "texture": "#0"},
				"south": {"uv": [5, 7.5, 6, 11], "texture": "#0"},
				"west": {"uv": [7.5, 5, 8.5, 8.5], "texture": "#0"},
				"up": {"uv": [11.5, 7, 10.5, 6], "texture": "#0"},
				"down": {"uv": [12, 2.5, 11, 3.5], "texture": "#0"}
			}
		},
		{
			"from": [-3, 14, 13],
			"to": [-1, 15, 14],
			"rotation": {"angle": 0, "axis": "y", "origin": [-6, 1, 10]},
			"faces": {
				"north": {"uv": [13.5, 4.75, 14, 5], "texture": "#0"},
				"east": {"uv": [7.5, 13.75, 7.75, 14], "texture": "#0"},
				"south": {"uv": [13.5, 5, 14, 5.25], "texture": "#0"},
				"west": {"uv": [7.75, 13.75, 8, 14], "texture": "#0"},
				"up": {"uv": [14, 5.5, 13.5, 5.25], "texture": "#0"},
				"down": {"uv": [6, 13.5, 5.5, 13.75], "texture": "#0"}
			}
		},
		{
			"from": [16, 14, 13],
			"to": [17, 15, 17],
			"rotation": {"angle": 0, "axis": "y", "origin": [13, 1, 13]},
			"faces": {
				"north": {"uv": [13.75, 6.25, 14, 6.5], "texture": "#0"},
				"east": {"uv": [7.25, 12.5, 8.25, 12.75], "texture": "#0"},
				"south": {"uv": [13.75, 6.5, 14, 6.75], "texture": "#0"},
				"west": {"uv": [8.25, 12.5, 9.25, 12.75], "texture": "#0"},
				"up": {"uv": [9.5, 13.5, 9.25, 12.5], "texture": "#0"},
				"down": {"uv": [9.75, 12.5, 9.5, 13.5], "texture": "#0"}
			}
		},
		{
			"from": [16, 15, 16],
			"to": [17, 16, 17],
			"rotation": {"angle": 0, "axis": "y", "origin": [15, 15, 16]},
			"faces": {
				"north": {"uv": [13.75, 3.25, 14, 3.5], "texture": "#0"},
				"east": {"uv": [3.5, 13.75, 3.75, 14], "texture": "#0"},
				"south": {"uv": [3.75, 13.75, 4, 14], "texture": "#0"},
				"west": {"uv": [4, 13.75, 4.25, 14], "texture": "#0"},
				"up": {"uv": [14, 4.25, 13.75, 4], "texture": "#0"},
				"down": {"uv": [4.75, 13.75, 4.5, 14], "texture": "#0"}
			}
		},
		{
			"from": [19, 15, 16],
			"to": [20, 16, 17],
			"rotation": {"angle": 0, "axis": "y", "origin": [18, 15, 16]},
			"faces": {
				"north": {"uv": [5, 13.75, 5.25, 14], "texture": "#0"},
				"east": {"uv": [5.25, 13.75, 5.5, 14], "texture": "#0"},
				"south": {"uv": [5.5, 13.75, 5.75, 14], "texture": "#0"},
				"west": {"uv": [13.75, 5.5, 14, 5.75], "texture": "#0"},
				"up": {"uv": [6, 14, 5.75, 13.75], "texture": "#0"},
				"down": {"uv": [14, 5.75, 13.75, 6], "texture": "#0"}
			}
		},
		{
			"from": [17, 14, 16],
			"to": [19, 15, 17],
			"rotation": {"angle": 0, "axis": "y", "origin": [14, 1, 13]},
			"faces": {
				"north": {"uv": [13.5, 2, 14, 2.25], "texture": "#0"},
				"east": {"uv": [6.75, 13.75, 7, 14], "texture": "#0"},
				"south": {"uv": [3.75, 13.5, 4.25, 13.75], "texture": "#0"},
				"west": {"uv": [7.25, 13.75, 7.5, 14], "texture": "#0"},
				"up": {"uv": [14, 4.5, 13.5, 4.25], "texture": "#0"},
				"down": {"uv": [14, 4.5, 13.5, 4.75], "texture": "#0"}
			}
		},
		{
			"from": [19, 14, 13],
			"to": [20, 15, 17],
			"rotation": {"angle": 0, "axis": "y", "origin": [16, 1, 13]},
			"faces": {
				"north": {"uv": [6, 13.75, 6.25, 14], "texture": "#0"},
				"east": {"uv": [4.5, 12.5, 5.5, 12.75], "texture": "#0"},
				"south": {"uv": [6.25, 13.75, 6.5, 14], "texture": "#0"},
				"west": {"uv": [5.5, 12.5, 6.5, 12.75], "texture": "#0"},
				"up": {"uv": [12.75, 7, 12.5, 6], "texture": "#0"},
				"down": {"uv": [7.25, 12.5, 7, 13.5], "texture": "#0"}
			}
		},
		{
			"from": [19, 15, 13],
			"to": [20, 16, 14],
			"rotation": {"angle": 0, "axis": "y", "origin": [18, 15, 13]},
			"faces": {
				"north": {"uv": [1.5, 13.75, 1.75, 14], "texture": "#0"},
				"east": {"uv": [13.75, 1.5, 14, 1.75], "texture": "#0"},
				"south": {"uv": [1.75, 13.75, 2, 14], "texture": "#0"},
				"west": {"uv": [2.25, 13.75, 2.5, 14], "texture": "#0"},
				"up": {"uv": [14, 2.5, 13.75, 2.25], "texture": "#0"},
				"down": {"uv": [2.75, 13.75, 2.5, 14], "texture": "#0"}
			}
		},
		{
			"from": [16, 15, 13],
			"to": [17, 16, 14],
			"rotation": {"angle": 0, "axis": "y", "origin": [15, 15, 13]},
			"faces": {
				"north": {"uv": [13.75, 2.5, 14, 2.75], "texture": "#0"},
				"east": {"uv": [2.75, 13.75, 3, 14], "texture": "#0"},
				"south": {"uv": [13.75, 2.75, 14, 3], "texture": "#0"},
				"west": {"uv": [3, 13.75, 3.25, 14], "texture": "#0"},
				"up": {"uv": [14, 3.25, 13.75, 3], "texture": "#0"},
				"down": {"uv": [3.5, 13.75, 3.25, 14], "texture": "#0"}
			}
		},
		{
			"from": [16, 0, 13],
			"to": [20, 14, 17],
			"rotation": {"angle": 0, "axis": "y", "origin": [16, 0, 13]},
			"faces": {
				"north": {"uv": [3, 6, 4, 9.5], "texture": "#0"},
				"east": {"uv": [4, 7.5, 5, 11], "texture": "#0"},
				"south": {"uv": [5, 7.5, 6, 11], "texture": "#0"},
				"west": {"uv": [7.5, 5, 8.5, 8.5], "texture": "#0"},
				"up": {"uv": [11.5, 7, 10.5, 6], "texture": "#0"},
				"down": {"uv": [12, 2.5, 11, 3.5], "texture": "#0"}
			}
		},
		{
			"from": [17, 14, 13],
			"to": [19, 15, 14],
			"rotation": {"angle": 0, "axis": "y", "origin": [14, 1, 10]},
			"faces": {
				"north": {"uv": [13.5, 4.75, 14, 5], "texture": "#0"},
				"east": {"uv": [7.5, 13.75, 7.75, 14], "texture": "#0"},
				"south": {"uv": [13.5, 5, 14, 5.25], "texture": "#0"},
				"west": {"uv": [7.75, 13.75, 8, 14], "texture": "#0"},
				"up": {"uv": [14, 5.5, 13.5, 5.25], "texture": "#0"},
				"down": {"uv": [6, 13.5, 5.5, 13.75], "texture": "#0"}
			}
		},
		{
			"from": [16, 14, -1],
			"to": [17, 15, 3],
			"rotation": {"angle": 0, "axis": "y", "origin": [13, 1, -1]},
			"faces": {
				"north": {"uv": [13.75, 6.25, 14, 6.5], "texture": "#0"},
				"east": {"uv": [7.25, 12.5, 8.25, 12.75], "texture": "#0"},
				"south": {"uv": [13.75, 6.5, 14, 6.75], "texture": "#0"},
				"west": {"uv": [8.25, 12.5, 9.25, 12.75], "texture": "#0"},
				"up": {"uv": [9.5, 13.5, 9.25, 12.5], "texture": "#0"},
				"down": {"uv": [9.75, 12.5, 9.5, 13.5], "texture": "#0"}
			}
		},
		{
			"from": [16, 15, 2],
			"to": [17, 16, 3],
			"rotation": {"angle": 0, "axis": "y", "origin": [15, 15, 2]},
			"faces": {
				"north": {"uv": [13.75, 3.25, 14, 3.5], "texture": "#0"},
				"east": {"uv": [3.5, 13.75, 3.75, 14], "texture": "#0"},
				"south": {"uv": [3.75, 13.75, 4, 14], "texture": "#0"},
				"west": {"uv": [4, 13.75, 4.25, 14], "texture": "#0"},
				"up": {"uv": [14, 4.25, 13.75, 4], "texture": "#0"},
				"down": {"uv": [4.75, 13.75, 4.5, 14], "texture": "#0"}
			}
		},
		{
			"from": [19, 15, 2],
			"to": [20, 16, 3],
			"rotation": {"angle": 0, "axis": "y", "origin": [18, 15, 2]},
			"faces": {
				"north": {"uv": [5, 13.75, 5.25, 14], "texture": "#0"},
				"east": {"uv": [5.25, 13.75, 5.5, 14], "texture": "#0"},
				"south": {"uv": [5.5, 13.75, 5.75, 14], "texture": "#0"},
				"west": {"uv": [13.75, 5.5, 14, 5.75], "texture": "#0"},
				"up": {"uv": [6, 14, 5.75, 13.75], "texture": "#0"},
				"down": {"uv": [14, 5.75, 13.75, 6], "texture": "#0"}
			}
		},
		{
			"from": [17, 14, 2],
			"to": [19, 15, 3],
			"rotation": {"angle": 0, "axis": "y", "origin": [14, 1, -1]},
			"faces": {
				"north": {"uv": [13.5, 2, 14, 2.25], "texture": "#0"},
				"east": {"uv": [6.75, 13.75, 7, 14], "texture": "#0"},
				"south": {"uv": [3.75, 13.5, 4.25, 13.75], "texture": "#0"},
				"west": {"uv": [7.25, 13.75, 7.5, 14], "texture": "#0"},
				"up": {"uv": [14, 4.5, 13.5, 4.25], "texture": "#0"},
				"down": {"uv": [14, 4.5, 13.5, 4.75], "texture": "#0"}
			}
		},
		{
			"from": [19, 14, -1],
			"to": [20, 15, 3],
			"rotation": {"angle": 0, "axis": "y", "origin": [16, 1, -1]},
			"faces": {
				"north": {"uv": [6, 13.75, 6.25, 14], "texture": "#0"},
				"east": {"uv": [4.5, 12.5, 5.5, 12.75], "texture": "#0"},
				"south": {"uv": [6.25, 13.75, 6.5, 14], "texture": "#0"},
				"west": {"uv": [5.5, 12.5, 6.5, 12.75], "texture": "#0"},
				"up": {"uv": [12.75, 7, 12.5, 6], "texture": "#0"},
				"down": {"uv": [7.25, 12.5, 7, 13.5], "texture": "#0"}
			}
		},
		{
			"from": [19, 15, -1],
			"to": [20, 16, 0],
			"rotation": {"angle": 0, "axis": "y", "origin": [18, 15, -1]},
			"faces": {
				"north": {"uv": [1.5, 13.75, 1.75, 14], "texture": "#0"},
				"east": {"uv": [13.75, 1.5, 14, 1.75], "texture": "#0"},
				"south": {"uv": [1.75, 13.75, 2, 14], "texture": "#0"},
				"west": {"uv": [2.25, 13.75, 2.5, 14], "texture": "#0"},
				"up": {"uv": [14, 2.5, 13.75, 2.25], "texture": "#0"},
				"down": {"uv": [2.75, 13.75, 2.5, 14], "texture": "#0"}
			}
		},
		{
			"from": [16, 15, -1],
			"to": [17, 16, 0],
			"rotation": {"angle": 0, "axis": "y", "origin": [15, 15, -1]},
			"faces": {
				"north": {"uv": [13.75, 2.5, 14, 2.75], "texture": "#0"},
				"east": {"uv": [2.75, 13.75, 3, 14], "texture": "#0"},
				"south": {"uv": [13.75, 2.75, 14, 3], "texture": "#0"},
				"west": {"uv": [3, 13.75, 3.25, 14], "texture": "#0"},
				"up": {"uv": [14, 3.25, 13.75, 3], "texture": "#0"},
				"down": {"uv": [3.5, 13.75, 3.25, 14], "texture": "#0"}
			}
		},
		{
			"from": [16, 0, -1],
			"to": [20, 14, 3],
			"rotation": {"angle": 0, "axis": "y", "origin": [16, 0, -1]},
			"faces": {
				"north": {"uv": [3, 6, 4, 9.5], "texture": "#0"},
				"east": {"uv": [4, 7.5, 5, 11], "texture": "#0"},
				"south": {"uv": [5, 7.5, 6, 11], "texture": "#0"},
				"west": {"uv": [7.5, 5, 8.5, 8.5], "texture": "#0"},
				"up": {"uv": [11.5, 7, 10.5, 6], "texture": "#0"},
				"down": {"uv": [12, 2.5, 11, 3.5], "texture": "#0"}
			}
		},
		{
			"from": [17, 14, -1],
			"to": [19, 15, 0],
			"rotation": {"angle": 0, "axis": "y", "origin": [14, 1, -4]},
			"faces": {
				"north": {"uv": [13.5, 4.75, 14, 5], "texture": "#0"},
				"east": {"uv": [7.5, 13.75, 7.75, 14], "texture": "#0"},
				"south": {"uv": [13.5, 5, 14, 5.25], "texture": "#0"},
				"west": {"uv": [7.75, 13.75, 8, 14], "texture": "#0"},
				"up": {"uv": [14, 5.5, 13.5, 5.25], "texture": "#0"},
				"down": {"uv": [6, 13.5, 5.5, 13.75], "texture": "#0"}
			}
		},
		{
			"from": [0, 10, 1],
			"to": [16, 12, 3],
			"rotation": {"angle": 0, "axis": "y", "origin": [11, 10, 2]},
			"faces": {
				"north": {"uv": [9.5, 7, 13.5, 7.5], "texture": "#0"},
				"east": {"uv": [0, 12, 0.5, 12.5], "texture": "#0"},
				"south": {"uv": [9.5, 7.5, 13.5, 8], "texture": "#0"},
				"west": {"uv": [0.5, 12, 1, 12.5], "texture": "#0"},
				"up": {"uv": [13.5, 8.5, 9.5, 8], "texture": "#0"},
				"down": {"uv": [14, 8.5, 10, 9], "texture": "#0"}
			}
		},
		{
			"from": [13, 12, 1],
			"to": [15, 14, 2],
			"rotation": {"angle": 0, "axis": "y", "origin": [11, 12, 2]},
			"faces": {
				"north": {"uv": [2, 12, 2.5, 12.5], "texture": "#0"},
				"east": {"uv": [3.75, 13, 4, 13.5], "texture": "#0"},
				"south": {"uv": [12, 2, 12.5, 2.5], "texture": "#0"},
				"west": {"uv": [13, 4.25, 13.25, 4.75], "texture": "#0"},
				"up": {"uv": [4.5, 7.5, 4, 7.25], "texture": "#0"},
				"down": {"uv": [9.5, 4.75, 9, 5], "texture": "#0"}
			}
		},
		{
			"from": [9, 12, 1],
			"to": [11, 14, 2],
			"rotation": {"angle": 0, "axis": "y", "origin": [7, 12, 2]},
			"faces": {
				"north": {"uv": [2.5, 12, 3, 12.5], "texture": "#0"},
				"east": {"uv": [4.75, 13, 5, 13.5], "texture": "#0"},
				"south": {"uv": [12, 2.5, 12.5, 3], "texture": "#0"},
				"west": {"uv": [13, 4.75, 13.25, 5.25], "texture": "#0"},
				"up": {"uv": [5.5, 13.25, 5, 13], "texture": "#0"},
				"down": {"uv": [13.5, 5.25, 13, 5.5], "texture": "#0"}
			}
		},
		{
			"from": [5, 12, 1],
			"to": [7, 14, 2],
			"rotation": {"angle": 0, "axis": "y", "origin": [3, 12, 2]},
			"faces": {
				"north": {"uv": [12, 3, 12.5, 3.5], "texture": "#0"},
				"east": {"uv": [5.5, 13, 5.75, 13.5], "texture": "#0"},
				"south": {"uv": [4.5, 12, 5, 12.5], "texture": "#0"},
				"west": {"uv": [13, 5.5, 13.25, 6], "texture": "#0"},
				"up": {"uv": [6.25, 13.25, 5.75, 13], "texture": "#0"},
				"down": {"uv": [13.5, 6, 13, 6.25], "texture": "#0"}
			}
		},
		{
			"from": [1, 12, 1],
			"to": [3, 14, 2],
			"rotation": {"angle": 0, "axis": "y", "origin": [-1, 12, 2]},
			"faces": {
				"north": {"uv": [5, 12, 5.5, 12.5], "texture": "#0"},
				"east": {"uv": [6.25, 13, 6.5, 13.5], "texture": "#0"},
				"south": {"uv": [5.5, 12, 6, 12.5], "texture": "#0"},
				"west": {"uv": [13, 6.25, 13.25, 6.75], "texture": "#0"},
				"up": {"uv": [13.5, 7, 13, 6.75], "texture": "#0"},
				"down": {"uv": [7.75, 13, 7.25, 13.25], "texture": "#0"}
			}
		},
		{
			"from": [0, 10, 13],
			"to": [16, 12, 15],
			"rotation": {"angle": 0, "axis": "y", "origin": [11, 10, 14]},
			"faces": {
				"north": {"uv": [10, 9, 14, 9.5], "texture": "#0"},
				"east": {"uv": [1, 12, 1.5, 12.5], "texture": "#0"},
				"south": {"uv": [10, 9.5, 14, 10], "texture": "#0"},
				"west": {"uv": [1.5, 12, 2, 12.5], "texture": "#0"},
				"up": {"uv": [14, 10.5, 10, 10], "texture": "#0"},
				"down": {"uv": [14.5, 3.5, 10.5, 4], "texture": "#0"}
			}
		},
		{
			"from": [13, 12, 14],
			"to": [15, 14, 15],
			"rotation": {"angle": 0, "axis": "y", "origin": [11, 12, 15]},
			"faces": {
				"north": {"uv": [6, 12, 6.5, 12.5], "texture": "#0"},
				"east": {"uv": [6.5, 13, 6.75, 13.5], "texture": "#0"},
				"south": {"uv": [7, 12, 7.5, 12.5], "texture": "#0"},
				"west": {"uv": [7.75, 13, 8, 13.5], "texture": "#0"},
				"up": {"uv": [8.5, 13.25, 8, 13], "texture": "#0"},
				"down": {"uv": [9, 13, 8.5, 13.25], "texture": "#0"}
			}
		},
		{
			"from": [9, 12, 14],
			"to": [11, 14, 15],
			"rotation": {"angle": 0, "axis": "y", "origin": [7, 12, 15]},
			"faces": {
				"north": {"uv": [7.5, 12, 8, 12.5], "texture": "#0"},
				"east": {"uv": [9, 13, 9.25, 13.5], "texture": "#0"},
				"south": {"uv": [8, 12, 8.5, 12.5], "texture": "#0"},
				"west": {"uv": [10, 13, 10.25, 13.5], "texture": "#0"},
				"up": {"uv": [10.75, 13.25, 10.25, 13], "texture": "#0"},
				"down": {"uv": [13.5, 11, 13, 11.25], "texture": "#0"}
			}
		},
		{
			"from": [5, 12, 14],
			"to": [7, 14, 15],
			"rotation": {"angle": 0, "axis": "y", "origin": [3, 12, 15]},
			"faces": {
				"north": {"uv": [9.5, 12, 10, 12.5], "texture": "#0"},
				"east": {"uv": [13, 11.5, 13.25, 12], "texture": "#0"},
				"south": {"uv": [12, 10.5, 12.5, 11], "texture": "#0"},
				"west": {"uv": [12, 13, 12.25, 13.5], "texture": "#0"},
				"up": {"uv": [13.5, 12.75, 13, 12.5], "texture": "#0"},
				"down": {"uv": [13.5, 12.75, 13, 13], "texture": "#0"}
			}
		},
		{
			"from": [1, 12, 14],
			"to": [3, 14, 15],
			"rotation": {"angle": 0, "axis": "y", "origin": [-1, 12, 15]},
			"faces": {
				"north": {"uv": [8.5, 12, 9, 12.5], "texture": "#0"},
				"east": {"uv": [10.75, 13, 11, 13.5], "texture": "#0"},
				"south": {"uv": [9, 12, 9.5, 12.5], "texture": "#0"},
				"west": {"uv": [11.25, 13, 11.5, 13.5], "texture": "#0"},
				"up": {"uv": [13.5, 11.5, 13, 11.25], "texture": "#0"},
				"down": {"uv": [12, 13, 11.5, 13.25], "texture": "#0"}
			}
		},
		{
			"from": [16, 10, 3],
			"to": [18, 12, 13],
			"rotation": {"angle": 0, "axis": "y", "origin": [16, 10, 3]},
			"faces": {
				"north": {"uv": [11.5, 2, 12, 2.5], "texture": "#0"},
				"east": {"uv": [10.5, 5, 13, 5.5], "texture": "#0"},
				"south": {"uv": [11.5, 11.5, 12, 12], "texture": "#0"},
				"west": {"uv": [10.5, 5.5, 13, 6], "texture": "#0"},
				"up": {"uv": [11.5, 2.5, 11, 0], "texture": "#0"},
				"down": {"uv": [4.5, 11, 4, 13.5], "texture": "#0"}
			}
		},
		{
			"from": [17, 12, 7],
			"to": [18, 14, 9],
			"rotation": {"angle": 0, "axis": "y", "origin": [14, 12, 9]},
			"faces": {
				"north": {"uv": [0.5, 13.25, 0.75, 13.75], "texture": "#0"},
				"east": {"uv": [12, 11.5, 12.5, 12], "texture": "#0"},
				"south": {"uv": [0.75, 13.25, 1, 13.75], "texture": "#0"},
				"west": {"uv": [12, 12, 12.5, 12.5], "texture": "#0"},
				"up": {"uv": [13.5, 1.25, 13.25, 0.75], "texture": "#0"},
				"down": {"uv": [2.5, 13.25, 2.25, 13.75], "texture": "#0"}
			}
		},
		{
			"from": [17, 12, 3],
			"to": [18, 14, 5],
			"rotation": {"angle": 0, "axis": "y", "origin": [14, 12, 5]},
			"faces": {
				"north": {"uv": [7, 13.5, 7.25, 14], "texture": "#0"},
				"east": {"uv": [1.75, 13, 2.25, 13.5], "texture": "#0"},
				"south": {"uv": [8.25, 13.5, 8.5, 14], "texture": "#0"},
				"west": {"uv": [13, 1.75, 13.5, 2.25], "texture": "#0"},
				"up": {"uv": [13, 14, 12.75, 13.5], "texture": "#0"},
				"down": {"uv": [13.25, 13.5, 13, 14], "texture": "#0"}
			}
		},
		{
			"from": [17, 12, 11],
			"to": [18, 14, 13],
			"rotation": {"angle": 0, "axis": "y", "origin": [14, 12, 13]},
			"faces": {
				"north": {"uv": [13, 13, 13.25, 13.5], "texture": "#0"},
				"east": {"uv": [12, 11, 12.5, 11.5], "texture": "#0"},
				"south": {"uv": [0, 13.25, 0.25, 13.75], "texture": "#0"},
				"west": {"uv": [11.5, 12, 12, 12.5], "texture": "#0"},
				"up": {"uv": [0.5, 13.75, 0.25, 13.25], "texture": "#0"},
				"down": {"uv": [13.5, 0.25, 13.25, 0.75], "texture": "#0"}
			}
		},
		{
			"from": [-2, 12, 7],
			"to": [-1, 14, 9],
			"rotation": {"angle": 0, "axis": "y", "origin": [-5, 12, 9]},
			"faces": {
				"north": {"uv": [2.5, 13.25, 2.75, 13.75], "texture": "#0"},
				"east": {"uv": [6.5, 12.25, 7, 12.75], "texture": "#0"},
				"south": {"uv": [2.75, 13.25, 3, 13.75], "texture": "#0"},
				"west": {"uv": [0, 12.5, 0.5, 13], "texture": "#0"},
				"up": {"uv": [3.25, 13.75, 3, 13.25], "texture": "#0"},
				"down": {"uv": [3.5, 13.25, 3.25, 13.75], "texture": "#0"}
			}
		},
		{
			"from": [-2, 12, 11],
			"to": [-1, 14, 13],
			"rotation": {"angle": 0, "axis": "y", "origin": [-5, 12, 13]},
			"faces": {
				"north": {"uv": [2, 13.5, 2.25, 14], "texture": "#0"},
				"east": {"uv": [1.25, 13, 1.75, 13.5], "texture": "#0"},
				"south": {"uv": [4.25, 13.5, 4.5, 14], "texture": "#0"},
				"west": {"uv": [13, 1.25, 13.5, 1.75], "texture": "#0"},
				"up": {"uv": [5, 14, 4.75, 13.5], "texture": "#0"},
				"down": {"uv": [6.75, 13.5, 6.5, 14], "texture": "#0"}
			}
		},
		{
			"from": [-2, 10, 3],
			"to": [0, 12, 13],
			"rotation": {"angle": 0, "axis": "y", "origin": [-2, 10, 3]},
			"faces": {
				"north": {"uv": [7, 7.5, 7.5, 8], "texture": "#0"},
				"east": {"uv": [10.5, 4, 13, 4.5], "texture": "#0"},
				"south": {"uv": [7, 8, 7.5, 8.5], "texture": "#0"},
				"west": {"uv": [10.5, 4.5, 13, 5], "texture": "#0"},
				"up": {"uv": [10.5, 13, 10, 10.5], "texture": "#0"},
				"down": {"uv": [11, 10.5, 10.5, 13], "texture": "#0"}
			}
		},
		{
			"from": [-2, 12, 3],
			"to": [-1, 14, 5],
			"rotation": {"angle": 0, "axis": "y", "origin": [-5, 12, 5]},
			"faces": {
				"north": {"uv": [3.5, 13.25, 3.75, 13.75], "texture": "#0"},
				"east": {"uv": [12.5, 0, 13, 0.5], "texture": "#0"},
				"south": {"uv": [13.25, 4.25, 13.5, 4.75], "texture": "#0"},
				"west": {"uv": [0.5, 12.5, 1, 13], "texture": "#0"},
				"up": {"uv": [13.5, 5.25, 13.25, 4.75], "texture": "#0"},
				"down": {"uv": [5.25, 13.25, 5, 13.75], "texture": "#0"}
			}
		},
		{
			"from": [5, 0, 1],
			"to": [6, 5, 2],
			"rotation": {"angle": 0, "axis": "y", "origin": [4, 0, 0]},
			"faces": {
				"north": {"uv": [6.5, 11, 6.75, 12.25], "texture": "#0"},
				"east": {"uv": [6.75, 11, 7, 12.25], "texture": "#0"},
				"south": {"uv": [11, 11.5, 11.25, 12.75], "texture": "#0"},
				"west": {"uv": [11.25, 11.5, 11.5, 12.75], "texture": "#0"},
				"up": {"uv": [13.75, 13.75, 13.5, 13.5], "texture": "#0"},
				"down": {"uv": [0.25, 13.75, 0, 14], "texture": "#0"}
			}
		},
		{
			"from": [7, 6, 1],
			"to": [9, 7, 2],
			"rotation": {"angle": 0, "axis": "y", "origin": [7, 2, 0]},
			"faces": {
				"north": {"uv": [13.25, 5.5, 13.75, 5.75], "texture": "#0"},
				"east": {"uv": [0.25, 13.75, 0.5, 14], "texture": "#0"},
				"south": {"uv": [5.75, 13.25, 6.25, 13.5], "texture": "#0"},
				"west": {"uv": [13.75, 0.25, 14, 0.5], "texture": "#0"},
				"up": {"uv": [13.75, 6, 13.25, 5.75], "texture": "#0"},
				"down": {"uv": [13.75, 6.25, 13.25, 6.5], "texture": "#0"}
			}
		},
		{
			"from": [5.06066, 4.85355, 1],
			"to": [7.88566, 5.85355, 2],
			"rotation": {"angle": 45, "axis": "z", "origin": [6.06066, 5.35355, 1.5]},
			"faces": {
				"north": {"uv": [3, 13, 3.75, 13.25], "texture": "#0"},
				"east": {"uv": [0.75, 13.75, 1, 14], "texture": "#0"},
				"south": {"uv": [13, 3, 13.75, 3.25], "texture": "#0"},
				"west": {"uv": [13.75, 1.25, 14, 1.5], "texture": "#0"},
				"up": {"uv": [13.75, 3.5, 13, 3.25], "texture": "#0"},
				"down": {"uv": [13.75, 4, 13, 4.25], "texture": "#0"}
			}
		},
		{
			"from": [8.11434, 4.85355, 1],
			"to": [10.93934, 5.85355, 2],
			"rotation": {"angle": -45, "axis": "z", "origin": [9.93934, 5.35355, 1.5]},
			"faces": {
				"north": {"uv": [2.25, 13, 3, 13.25], "texture": "#0"},
				"east": {"uv": [0.5, 13.75, 0.75, 14], "texture": "#0"},
				"south": {"uv": [13, 2.25, 13.75, 2.5], "texture": "#0"},
				"west": {"uv": [13.75, 0.5, 14, 0.75], "texture": "#0"},
				"up": {"uv": [13.75, 2.75, 13, 2.5], "texture": "#0"},
				"down": {"uv": [13.75, 2.75, 13, 3], "texture": "#0"}
			}
		},
		{
			"from": [10, 0, 1],
			"to": [11, 5, 2],
			"rotation": {"angle": 0, "axis": "y", "origin": [9, 0, 0]},
			"faces": {
				"north": {"uv": [4, 6, 4.25, 7.25], "texture": "#0"},
				"east": {"uv": [4.25, 6, 4.5, 7.25], "texture": "#0"},
				"south": {"uv": [9, 3.5, 9.25, 4.75], "texture": "#0"},
				"west": {"uv": [9.25, 3.5, 9.5, 4.75], "texture": "#0"},
				"up": {"uv": [13.75, 13, 13.5, 12.75], "texture": "#0"},
				"down": {"uv": [13.5, 13.5, 13.25, 13.75], "texture": "#0"}
			}
		}
	],
	"display": {
		"thirdperson_righthand": {
			"translation": [0, 4, 0],
			"scale": [0.5, 0.5, 0.5]
		},
		"thirdperson_lefthand": {
			"translation": [0, 4, 0],
			"scale": [0.5, 0.5, 0.5]
		},
		"firstperson_righthand": {
			"translation": [1.25, 0, -3.5],
			"scale": [0.5, 0.5, 0.5]
		},
		"firstperson_lefthand": {
			"translation": [1.25, 0, -3.5],
			"scale": [0.5, 0.5, 0.5]
		},
		"ground": {
			"translation": [0, 1.25, 0],
			"scale": [0.5, 0.5, 0.5]
		},
		"gui": {
			"rotation": [-155, 45, 180],
			"scale": [0.5, 0.5, 0.5]
		},
		"head": {
			"translation": [0, 14.25, 0.25]
		},
		"fixed": {
			"rotation": [-90, 0, 0],
			"translation": [0, 0, -8]
		}
	},
	"groups": [
		{
			"name": "Base",
			"origin": [4, 0, 4],
			"color": 0,
			"nbt": "{}",
			"children": [0]
		},
		{
			"name": "Tower",
			"origin": [-5, 1, -3],
			"color": 0,
			"nbt": "{}",
			"children": [1, 2, 3, 4, 5, 6, 7, 8, 9]
		},
		{
			"name": "Tower",
			"origin": [-5, 1, -3],
			"color": 0,
			"nbt": "{}",
			"children": [10, 11, 12, 13, 14, 15, 16, 17, 18]
		},
		{
			"name": "Tower",
			"origin": [-5, 1, -3],
			"color": 0,
			"nbt": "{}",
			"children": [19, 20, 21, 22, 23, 24, 25, 26, 27]
		},
		{
			"name": "Tower",
			"origin": [-5, 1, -3],
			"color": 0,
			"nbt": "{}",
			"children": [28, 29, 30, 31, 32, 33, 34, 35, 36]
		},
		{
			"name": "Wall",
			"origin": [-1, 12, 2],
			"color": 0,
			"nbt": "{}",
			"children": [37, 38, 39, 40, 41]
		},
		{
			"name": "Wall",
			"origin": [-1, 12, 15],
			"color": 0,
			"nbt": "{}",
			"children": [42, 43, 44, 45, 46]
		},
		{
			"name": "Wall",
			"origin": [14, 12, 11],
			"color": 0,
			"nbt": "{}",
			"children": [47, 48, 49, 50]
		},
		{
			"name": "Wall",
			"origin": [-5, 12, 5],
			"color": 0,
			"nbt": "{}",
			"children": [51, 52, 53, 54]
		},
		{
			"name": "Doorway",
			"origin": [9, 0, 0],
			"color": 0,
			"nbt": "{}",
			"children": [55, 56, 57, 58, 59]
		}
	]
}